{"init_params": {"cat_dims": [5, 2, 14, 27, 2], "cat_emb_dim": [1, 1, 1, 1, 1], "cat_idxs": [1, 2, 3, 4, 5], "clip_value": 1, "device_name": "cuda", "epsilon": 1e-15, "gamma": 1.3, "grouped_features": [], "input_dim": 6, "lambda_sparse": 0.001, "mask_type": "sparsemax", "momentum": 0.02, "n_a": 8, "n_d": 8, "n_indep_decoder": 1, "n_independent": 2, "n_shared": 2, "n_shared_decoder": 1, "n_steps": 3, "optimizer_params": {"lr": 0.02}, "output_dim": 2, "scheduler_fn": null, "scheduler_params": {}, "seed": 0, "verbose": 1}, "class_attrs": {"preds_mapper": {"0": 0, "1": 1}}}